created_on,privilege,granted_on,name,granted_to,grantee_name,grant_option,granted_by
2026-10-07 00:43:05.328 -0700,USAGE,DATABASE,NYC_TAXI,ROLE,ROLE_HUDSON,false,SYSADMIN
2026-10-07 01:34:20.222 -0700,OWNERSHIP,FILE_FORMAT,NYC_TAXI.RAW.FORMAT_CSV,ROLE,ROLE_HUDSON,true,ROLE_HUDSON
2026-10-07 01:34:19.346 -0700,OWNERSHIP,FILE_FORMAT,NYC_TAXI.RAW.FORMAT_PARQUET,ROLE,ROLE_HUDSON,true,ROLE_HUDSON
2026-10-07 00:43:11.346 -0700,ADD SEMANTIC VIEW MATERIALIZATION,SCHEMA,NYC_TAXI.INTERMEDIATE,ROLE,ROLE_HUDSON,false,SYSADMIN
2026-10-07 00:43:11.222 -0700,APPLYBUDGET,SCHEMA,NYC_TAXI.INTERMEDIATE,ROLE,ROLE_HUDSON,false,SYSADMIN
2026-10-07 00:43:10.186 -0700,CREATE AGENT,SCHEMA,NYC_TAXI.INTERMEDIATE,ROLE,ROLE_HUDSON,false,SYSADMIN
2026-10-07 00:43:10.494 -0700,CREATE AGENT TASK,SCHEMA,NYC_TAXI.INTERMEDIATE,ROLE,ROLE_HUDSON,false,SYSADMIN
2026-10-07 00:43:10.700 -0700,CREATE ALERT,SCHEMA,NYC_TAXI.INTERMEDIATE,ROLE,ROLE_HUDSON,false,SYSADMIN
2026-10-07 00:43:10.005 -0700,CREATE APPLICATION SERVICE,SCHEMA,NYC_TAXI.INTERMEDIATE,ROLE,ROLE_HUDSON,false,SYSADMIN
2026-10-07 00:43:10.140 -0700,CREATE ARTIFACT REPOSITORY,SCHEMA,NYC_TAXI.INTERMEDIATE,ROLE,ROLE_HUDSON,false,SYSADMIN
2026-10-07 00:43:11.406 -0700,CREATE AUTHENTICATION POLICY,SCHEMA,NYC_TAXI.INTERMEDIATE,ROLE,ROLE_HUDSON,false,SYSADMIN
2026-10-07 00:43:10.413 -0700,CREATE BACKUP POLICY,SCHEMA,NYC_TAXI.INTERMEDIATE,ROLE,ROLE_HUDSON,false,SYSADMIN
2026-10-07 00:43:10.683 -0700,CREATE BACKUP SET,SCHEMA,NYC_TAXI.INTERMEDIATE,ROLE,ROLE_HUDSON,false,SYSADMIN
2026-10-07 00:43:11.113 -0700,CREATE CONTACT,SCHEMA,NYC_TAXI.INTERMEDIATE,ROLE,ROLE_HUDSON,false,SYSADMIN
2026-10-07 00:43:10.586 -0700,CREATE CORTEX EXTENSION,SCHEMA,NYC_TAXI.INTERMEDIATE,ROLE,ROLE_HUDSON,false,SYSADMIN
2026-10-07 00:43:10.980 -0700,CREATE CORTEX SEARCH SERVICE,SCHEMA,NYC_TAXI.INTERMEDIATE,ROLE,ROLE_HUDSON,false,SYSADMIN
2026-10-07 00:43:10.108 -0700,CREATE DATA METRIC FUNCTION,SCHEMA,NYC_TAXI.INTERMEDIATE,ROLE,ROLE_HUDSON,false,SYSADMIN
2026-10-07 00:43:10.754 -0700,CREATE DATA MOVEMENT POLICY,SCHEMA,NYC_TAXI.INTERMEDIATE,ROLE,ROLE_HUDSON,false,SYSADMIN
2026-10-07 00:43:10.273 -0700,CREATE DATA MOVEMENT RULE,SCHEMA,NYC_TAXI.INTERMEDIATE,ROLE,ROLE_HUDSON,false,SYSADMIN
2026-10-07 00:43:10.738 -0700,CREATE DATASET,SCHEMA,NYC_TAXI.INTERMEDIATE,ROLE,ROLE_HUDSON,false,SYSADMIN
2026-10-07 00:43:10.667 -0700,CREATE DBT PROJECT,SCHEMA,NYC_TAXI.INTERMEDIATE,ROLE,ROLE_HUDSON,false,SYSADMIN
2026-10-07 00:43:10.616 -0700,CREATE DCM PROJECT,SCHEMA,NYC_TAXI.INTERMEDIATE,ROLE,ROLE_HUDSON,false,SYSADMIN
2026-10-07 00:43:10.451 -0700,CREATE DYNAMIC TABLE,SCHEMA,NYC_TAXI.INTERMEDIATE,ROLE,ROLE_HUDSON,false,SYSADMIN
2026-10-07 00:43:11.308 -0700,CREATE EVENT TABLE,SCHEMA,NYC_TAXI.INTERMEDIATE,ROLE,ROLE_HUDSON,false,SYSADMIN
2026-10-07 00:43:11.277 -0700,CREATE EXPERIMENT,SCHEMA,NYC_TAXI.INTERMEDIATE,ROLE,ROLE_HUDSON,false,SYSADMIN
2026-10-07 00:43:11.075 -0700,CREATE EXTERNAL AGENT,SCHEMA,NYC_TAXI.INTERMEDIATE,ROLE,ROLE_HUDSON,false,SYSADMIN
2026-10-07 00:43:10.154 -0700,CREATE EXTERNAL MCP SERVER,SCHEMA,NYC_TAXI.INTERMEDIATE,ROLE,ROLE_HUDSON,false,SYSADMIN
2026-10-07 00:43:09.961 -0700,CREATE EXTERNAL TABLE,SCHEMA,NYC_TAXI.INTERMEDIATE,ROLE,ROLE_HUDSON,false,SYSADMIN
2026-10-07 00:43:10.258 -0700,CREATE FEATURE POLICY,SCHEMA,NYC_TAXI.INTERMEDIATE,ROLE,ROLE_HUDSON,false,SYSADMIN
2026-10-07 00:43:10.224 -0700,CREATE FILE FORMAT,SCHEMA,NYC_TAXI.INTERMEDIATE,ROLE,ROLE_HUDSON,false,SYSADMIN
2026-10-07 00:43:11.390 -0700,CREATE FUNCTION,SCHEMA,NYC_TAXI.INTERMEDIATE,ROLE,ROLE_HUDSON,false,SYSADMIN
2026-10-07 00:43:10.524 -0700,CREATE GATEWAY,SCHEMA,NYC_TAXI.INTERMEDIATE,ROLE,ROLE_HUDSON,false,SYSADMIN
2026-10-07 00:43:10.206 -0700,CREATE GIT REPOSITORY,SCHEMA,NYC_TAXI.INTERMEDIATE,ROLE,ROLE_HUDSON,false,SYSADMIN
2026-10-07 00:43:10.437 -0700,CREATE HYBRID TABLE,SCHEMA,NYC_TAXI.INTERMEDIATE,ROLE,ROLE_HUDSON,false,SYSADMIN
2026-10-07 00:43:11.241 -0700,CREATE ICEBERG TABLE,SCHEMA,NYC_TAXI.INTERMEDIATE,ROLE,ROLE_HUDSON,false,SYSADMIN
2026-10-07 00:43:10.321 -0700,CREATE IMAGE REPOSITORY,SCHEMA,NYC_TAXI.INTERMEDIATE,ROLE,ROLE_HUDSON,false,SYSADMIN
2026-10-07 00:43:10.900 -0700,CREATE INGRESS POLICY,SCHEMA,NYC_TAXI.INTERMEDIATE,ROLE,ROLE_HUDSON,false,SYSADMIN
2026-10-07 00:43:10.336 -0700,CREATE INTERACTIVE TABLE,SCHEMA,NYC_TAXI.INTERMEDIATE,ROLE,ROLE_HUDSON,false,SYSADMIN
2026-10-07 00:43:10.092 -0700,CREATE MAINTENANCE POLICY,SCHEMA,NYC_TAXI.INTERMEDIATE,ROLE,ROLE_HUDSON,false,SYSADMIN
2026-10-07 00:43:10.559 -0700,CREATE MANAGED MCP SERVER,SCHEMA,NYC_TAXI.INTERMEDIATE,ROLE,ROLE_HUDSON,false,SYSADMIN
2026-10-07 00:43:10.509 -0700,CREATE MCP SERVER,SCHEMA,NYC_TAXI.INTERMEDIATE,ROLE,ROLE_HUDSON,false,SYSADMIN
2026-10-07 00:43:10.394 -0700,CREATE MODEL,SCHEMA,NYC_TAXI.INTERMEDIATE,ROLE,ROLE_HUDSON,false,SYSADMIN
2026-10-07 00:43:11.148 -0700,CREATE MODEL MONITOR,SCHEMA,NYC_TAXI.INTERMEDIATE,ROLE,ROLE_HUDSON,false,SYSADMIN
2026-10-07 00:43:10.033 -0700,CREATE MULTI PARTY APPROVAL POLICY,SCHEMA,NYC_TAXI.INTERMEDIATE,ROLE,ROLE_HUDSON,false,SYSADMIN
2026-10-07 00:43:11.129 -0700,CREATE NETWORK RULE,SCHEMA,NYC_TAXI.INTERMEDIATE,ROLE,ROLE_HUDSON,false,SYSADMIN
2026-10-07 00:43:11.001 -0700,CREATE NOTEBOOK,SCHEMA,NYC_TAXI.INTERMEDIATE,ROLE,ROLE_HUDSON,false,SYSADMIN
2026-10-07 00:43:10.923 -0700,CREATE NOTEBOOK PROJECT,SCHEMA,NYC_TAXI.INTERMEDIATE,ROLE,ROLE_HUDSON,false,SYSADMIN
2026-10-07 00:43:10.852 -0700,CREATE ONLINE FEATURE TABLE,SCHEMA,NYC_TAXI.INTERMEDIATE,ROLE,ROLE_HUDSON,false,SYSADMIN
2026-10-07 00:43:09.992 -0700,CREATE OPENFLOW CONNECTOR,SCHEMA,NYC_TAXI.INTERMEDIATE,ROLE,ROLE_HUDSON,false,SYSADMIN
2026-10-07 00:43:10.951 -0700,CREATE OPENFLOW RUNTIME,SCHEMA,NYC_TAXI.INTERMEDIATE,ROLE,ROLE_HUDSON,false,SYSADMIN
2026-10-07 00:43:09.897 -0700,CREATE PACKAGES POLICY,SCHEMA,NYC_TAXI.INTERMEDIATE,ROLE,ROLE_HUDSON,false,SYSADMIN
2026-10-07 00:43:11.180 -0700,CREATE PASSWORD POLICY,SCHEMA,NYC_TAXI.INTERMEDIATE,ROLE,ROLE_HUDSON,false,SYSADMIN
2026-10-07 00:43:11.260 -0700,CREATE PIPE,SCHEMA,NYC_TAXI.INTERMEDIATE,ROLE,ROLE_HUDSON,false,SYSADMIN
2026-10-07 00:43:09.882 -0700,CREATE PROCEDURE,SCHEMA,NYC_TAXI.INTERMEDIATE,ROLE,ROLE_HUDSON,false,SYSADMIN
2026-10-07 00:43:10.815 -0700,CREATE RESOURCE GROUP,SCHEMA,NYC_TAXI.INTERMEDIATE,ROLE,ROLE_HUDSON,false,SYSADMIN
2026-10-07 00:43:11.052 -0700,CREATE RESTRICTED SESSION SCOPE,SCHEMA,NYC_TAXI.INTERMEDIATE,ROLE,ROLE_HUDSON,false,SYSADMIN
2026-10-07 00:43:11.035 -0700,CREATE SECRET,SCHEMA,NYC_TAXI.INTERMEDIATE,ROLE,ROLE_HUDSON,false,SYSADMIN
2026-10-07 00:43:10.720 -0700,CREATE SEMANTIC VIEW,SCHEMA,NYC_TAXI.INTERMEDIATE,ROLE,ROLE_HUDSON,false,SYSADMIN
2026-10-07 00:43:10.869 -0700,CREATE SEQUENCE,SCHEMA,NYC_TAXI.INTERMEDIATE,ROLE,ROLE_HUDSON,false,SYSADMIN
2026-10-07 00:43:11.091 -0700,CREATE SERVICE,SCHEMA,NYC_TAXI.INTERMEDIATE,ROLE,ROLE_HUDSON,false,SYSADMIN
2026-10-07 00:43:10.123 -0700,CREATE SERVICE CLASS,SCHEMA,NYC_TAXI.INTERMEDIATE,ROLE,ROLE_HUDSON,false,SYSADMIN
2026-10-07 00:43:10.835 -0700,CREATE SESSION POLICY,SCHEMA,NYC_TAXI.INTERMEDIATE,ROLE,ROLE_HUDSON,false,SYSADMIN
2026-10-07 00:43:11.018 -0700,CREATE SNAPSHOT,SCHEMA,NYC_TAXI.INTERMEDIATE,ROLE,ROLE_HUDSON,false,SYSADMIN
2026-10-07 00:43:10.170 -0700,CREATE STAGE,SCHEMA,NYC_TAXI.INTERMEDIATE,ROLE,ROLE_HUDSON,false,SYSADMIN
2026-10-07 00:43:09.976 -0700,CREATE STORAGE LIFECYCLE POLICY,SCHEMA,NYC_TAXI.INTERMEDIATE,ROLE,ROLE_HUDSON,false,SYSADMIN
2026-10-07 00:43:09.943 -0700,CREATE STREAM,SCHEMA,NYC_TAXI.INTERMEDIATE,ROLE,ROLE_HUDSON,false,SYSADMIN
2026-10-07 00:43:10.020 -0700,CREATE STREAMLIT,SCHEMA,NYC_TAXI.INTERMEDIATE,ROLE,ROLE_HUDSON,false,SYSADMIN
2026-10-07 00:43:10.291 -0700,CREATE TABLE,SCHEMA,NYC_TAXI.INTERMEDIATE,ROLE,ROLE_HUDSON,false,SYSADMIN
2026-10-07 00:43:11.199 -0700,CREATE TAG,SCHEMA,NYC_TAXI.INTERMEDIATE,ROLE,ROLE_HUDSON,false,SYSADMIN
2026-10-07 00:43:10.539 -0700,CREATE TASK,SCHEMA,NYC_TAXI.INTERMEDIATE,ROLE,ROLE_HUDSON,false,SYSADMIN
2026-10-07 00:43:11.333 -0700,CREATE TEMPORARY TABLE,SCHEMA,NYC_TAXI.INTERMEDIATE,ROLE,ROLE_HUDSON,false,SYSADMIN
2026-10-07 00:43:10.307 -0700,CREATE TYPE,SCHEMA,NYC_TAXI.INTERMEDIATE,ROLE,ROLE_HUDSON,false,SYSADMIN
2026-10-07 00:43:10.770 -0700,CREATE VARIABLE,SCHEMA,NYC_TAXI.INTERMEDIATE,ROLE,ROLE_HUDSON,false,SYSADMIN
2026-10-07 00:43:11.163 -0700,CREATE VIEW,SCHEMA,NYC_TAXI.INTERMEDIATE,ROLE,ROLE_HUDSON,false,SYSADMIN
2026-10-07 00:43:11.371 -0700,CREATE WORKSPACE,SCHEMA,NYC_TAXI.INTERMEDIATE,ROLE,ROLE_HUDSON,false,SYSADMIN
2026-10-07 00:43:09.867 -0700,CREATE ZEROCOPY CONNECTOR,SCHEMA,NYC_TAXI.INTERMEDIATE,ROLE,ROLE_HUDSON,false,SYSADMIN
2026-10-07 00:43:11.291 -0700,EXECUTE AUTO CLASSIFICATION,SCHEMA,NYC_TAXI.INTERMEDIATE,ROLE,ROLE_HUDSON,false,SYSADMIN
2026-10-07 00:43:10.473 -0700,MODIFY,SCHEMA,NYC_TAXI.INTERMEDIATE,ROLE,ROLE_HUDSON,false,SYSADMIN
2026-10-07 00:43:10.602 -0700,MONITOR,SCHEMA,NYC_TAXI.INTERMEDIATE,ROLE,ROLE_HUDSON,false,SYSADMIN
2026-10-07 00:43:10.237 -0700,USAGE,SCHEMA,NYC_TAXI.INTERMEDIATE,ROLE,ROLE_HUDSON,false,SYSADMIN
2026-10-07 00:43:12.545 -0700,ADD SEMANTIC VIEW MATERIALIZATION,SCHEMA,NYC_TAXI.MARTS,ROLE,ROLE_HUDSON,false,SYSADMIN
2026-10-07 00:43:12.746 -0700,APPLYBUDGET,SCHEMA,NYC_TAXI.MARTS,ROLE,ROLE_HUDSON,false,SYSADMIN
2026-10-07 00:43:12.022 -0700,CREATE AGENT,SCHEMA,NYC_TAXI.MARTS,ROLE,ROLE_HUDSON,false,SYSADMIN
2026-10-07 00:43:12.521 -0700,CREATE AGENT TASK,SCHEMA,NYC_TAXI.MARTS,ROLE,ROLE_HUDSON,false,SYSADMIN
2026-10-07 00:43:12.388 -0700,CREATE ALERT,SCHEMA,NYC_TAXI.MARTS,ROLE,ROLE_HUDSON,false,SYSADMIN
2026-10-07 00:43:11.860 -0700,CREATE APPLICATION SERVICE,SCHEMA,NYC_TAXI.MARTS,ROLE,ROLE_HUDSON,false,SYSADMIN
2026-10-07 00:43:12.842 -0700,CREATE ARTIFACT REPOSITORY,SCHEMA,NYC_TAXI.MARTS,ROLE,ROLE_HUDSON,false,SYSADMIN
2026-10-07 00:43:12.557 -0700,CREATE AUTHENTICATION POLICY,SCHEMA,NYC_TAXI.MARTS,ROLE,ROLE_HUDSON,false,SYSADMIN
2026-10-07 00:43:12.075 -0700,CREATE BACKUP POLICY,SCHEMA,NYC_TAXI.MARTS,ROLE,ROLE_HUDSON,false,SYSADMIN
2026-10-07 00:43:12.365 -0700,CREATE BACKUP SET,SCHEMA,NYC_TAXI.MARTS,ROLE,ROLE_HUDSON,false,SYSADMIN
2026-10-07 00:43:12.609 -0700,CREATE CONTACT,SCHEMA,NYC_TAXI.MARTS,ROLE,ROLE_HUDSON,false,SYSADMIN
2026-10-07 00:43:12.202 -0700,CREATE CORTEX EXTENSION,SCHEMA,NYC_TAXI.MARTS,ROLE,ROLE_HUDSON,false,SYSADMIN
2026-10-07 00:43:12.916 -0700,CREATE CORTEX SEARCH SERVICE,SCHEMA,NYC_TAXI.MARTS,ROLE,ROLE_HUDSON,false,SYSADMIN
2026-10-07 00:43:11.897 -0700,CREATE DATA METRIC FUNCTION,SCHEMA,NYC_TAXI.MARTS,ROLE,ROLE_HUDSON,false,SYSADMIN
2026-10-07 00:43:12.419 -0700,CREATE DATA MOVEMENT POLICY,SCHEMA,NYC_TAXI.MARTS,ROLE,ROLE_HUDSON,false,SYSADMIN
2026-10-07 00:43:11.973 -0700,CREATE DATA MOVEMENT RULE,SCHEMA,NYC_TAXI.MARTS,ROLE,ROLE_HUDSON,false,SYSADMIN
2026-10-07 00:43:12.339 -0700,CREATE DATASET,SCHEMA,NYC_TAXI.MARTS,ROLE,ROLE_HUDSON,false,SYSADMIN
2026-10-07 00:43:12.216 -0700,CREATE DBT PROJECT,SCHEMA,NYC_TAXI.MARTS,ROLE,ROLE_HUDSON,false,SYSADMIN
2026-10-07 00:43:12.228 -0700,CREATE DCM PROJECT,SCHEMA,NYC_TAXI.MARTS,ROLE,ROLE_HUDSON,false,SYSADMIN
2026-10-07 00:43:12.475 -0700,CREATE DYNAMIC TABLE,SCHEMA,NYC_TAXI.MARTS,ROLE,ROLE_HUDSON,false,SYSADMIN
2026-10-07 00:43:12.457 -0700,CREATE EVENT TABLE,SCHEMA,NYC_TAXI.MARTS,ROLE,ROLE_HUDSON,false,SYSADMIN
2026-10-07 00:43:12.494 -0700,CREATE EXPERIMENT,SCHEMA,NYC_TAXI.MARTS,ROLE,ROLE_HUDSON,false,SYSADMIN
2026-10-07 00:43:12.639 -0700,CREATE EXTERNAL AGENT,SCHEMA,NYC_TAXI.MARTS,ROLE,ROLE_HUDSON,false,SYSADMIN
2026-10-07 00:43:12.652 -0700,CREATE EXTERNAL MCP SERVER,SCHEMA,NYC_TAXI.MARTS,ROLE,ROLE_HUDSON,false,SYSADMIN
2026-10-07 00:43:11.784 -0700,CREATE EXTERNAL TABLE,SCHEMA,NYC_TAXI.MARTS,ROLE,ROLE_HUDSON,false,SYSADMIN
2026-10-07 00:43:12.009 -0700,CREATE FEATURE POLICY,SCHEMA,NYC_TAXI.MARTS,ROLE,ROLE_HUDSON,false,SYSADMIN
2026-10-07 00:43:12.061 -0700,CREATE FILE FORMAT,SCHEMA,NYC_TAXI.MARTS,ROLE,ROLE_HUDSON,false,SYSADMIN
2026-10-07 00:43:11.961 -0700,CREATE FUNCTION,SCHEMA,NYC_TAXI.MARTS,ROLE,ROLE_HUDSON,false,SYSADMIN
2026-10-07 00:43:12.302 -0700,CREATE GATEWAY,SCHEMA,NYC_TAXI.MARTS,ROLE,ROLE_HUDSON,false,SYSADMIN
2026-10-07 00:43:12.046 -0700,CREATE GIT REPOSITORY,SCHEMA,NYC_TAXI.MARTS,ROLE,ROLE_HUDSON,false,SYSADMIN
2026-10-07 00:43:12.117 -0700,CREATE HYBRID TABLE,SCHEMA,NYC_TAXI.MARTS,ROLE,ROLE_HUDSON,false,SYSADMIN
2026-10-07 00:43:12.664 -0700,CREATE ICEBERG TABLE,SCHEMA,NYC_TAXI.MARTS,ROLE,ROLE_HUDSON,false,SYSADMIN
2026-10-07 00:43:12.091 -0700,CREATE IMAGE REPOSITORY,SCHEMA,NYC_TAXI.MARTS,ROLE,ROLE_HUDSON,false,SYSADMIN
2026-10-07 00:43:12.190 -0700,CREATE INGRESS POLICY,SCHEMA,NYC_TAXI.MARTS,ROLE,ROLE_HUDSON,false,SYSADMIN
2026-10-07 00:43:12.705 -0700,CREATE INTERACTIVE TABLE,SCHEMA,NYC_TAXI.MARTS,ROLE,ROLE_HUDSON,false,SYSADMIN
2026-10-07 00:43:11.884 -0700,CREATE MAINTENANCE POLICY,SCHEMA,NYC_TAXI.MARTS,ROLE,ROLE_HUDSON,false,SYSADMIN
2026-10-07 00:43:12.350 -0700,CREATE MANAGED MCP SERVER,SCHEMA,NYC_TAXI.MARTS,ROLE,ROLE_HUDSON,false,SYSADMIN
2026-10-07 00:43:12.177 -0700,CREATE MCP SERVER,SCHEMA,NYC_TAXI.MARTS,ROLE,ROLE_HUDSON,false,SYSADMIN
2026-10-07 00:43:12.103 -0700,CREATE MODEL,SCHEMA,NYC_TAXI.MARTS,ROLE,ROLE_HUDSON,false,SYSADMIN
2026-10-07 00:43:12.732 -0700,CREATE MODEL MONITOR,SCHEMA,NYC_TAXI.MARTS,ROLE,ROLE_HUDSON,false,SYSADMIN
2026-10-07 00:43:11.872 -0700,CREATE MULTI PARTY APPROVAL POLICY,SCHEMA,NYC_TAXI.MARTS,ROLE,ROLE_HUDSON,false,SYSADMIN
2026-10-07 00:43:12.569 -0700,CREATE NETWORK RULE,SCHEMA,NYC_TAXI.MARTS,ROLE,ROLE_HUDSON,false,SYSADMIN
2026-10-07 00:43:12.931 -0700,CREATE NOTEBOOK,SCHEMA,NYC_TAXI.MARTS,ROLE,ROLE_HUDSON,false,SYSADMIN
2026-10-07 00:43:12.886 -0700,CREATE NOTEBOOK PROJECT,SCHEMA,NYC_TAXI.MARTS,ROLE,ROLE_HUDSON,false,SYSADMIN
2026-10-07 00:43:12.157 -0700,CREATE ONLINE FEATURE TABLE,SCHEMA,NYC_TAXI.MARTS,ROLE,ROLE_HUDSON,false,SYSADMIN
2026-10-07 00:43:11.830 -0700,CREATE OPENFLOW CONNECTOR,SCHEMA,NYC_TAXI.MARTS,ROLE,ROLE_HUDSON,false,SYSADMIN
2026-10-07 00:43:12.899 -0700,CREATE OPENFLOW RUNTIME,SCHEMA,NYC_TAXI.MARTS,ROLE,ROLE_HUDSON,false,SYSADMIN
2026-10-07 00:43:12.810 -0700,CREATE PACKAGES POLICY,SCHEMA,NYC_TAXI.MARTS,ROLE,ROLE_HUDSON,false,SYSADMIN
2026-10-07 00:43:12.759 -0700,CREATE PASSWORD POLICY,SCHEMA,NYC_TAXI.MARTS,ROLE,ROLE_HUDSON,false,SYSADMIN
2026-10-07 00:43:12.720 -0700,CREATE PIPE,SCHEMA,NYC_TAXI.MARTS,ROLE,ROLE_HUDSON,false,SYSADMIN
2026-10-07 00:43:11.818 -0700,CREATE PROCEDURE,SCHEMA,NYC_TAXI.MARTS,ROLE,ROLE_HUDSON,false,SYSADMIN
2026-10-07 00:43:12.327 -0700,CREATE RESOURCE GROUP,SCHEMA,NYC_TAXI.MARTS,ROLE,ROLE_HUDSON,false,SYSADMIN
2026-10-07 00:43:12.625 -0700,CREATE RESTRICTED SESSION SCOPE,SCHEMA,NYC_TAXI.MARTS,ROLE,ROLE_HUDSON,false,SYSADMIN
2026-10-07 00:43:12.594 -0700,CREATE SECRET,SCHEMA,NYC_TAXI.MARTS,ROLE,ROLE_HUDSON,false,SYSADMIN
2026-10-07 00:43:12.431 -0700,CREATE SEMANTIC VIEW,SCHEMA,NYC_TAXI.MARTS,ROLE,ROLE_HUDSON,false,SYSADMIN
2026-10-07 00:43:12.944 -0700,CREATE SEQUENCE,SCHEMA,NYC_TAXI.MARTS,ROLE,ROLE_HUDSON,false,SYSADMIN
2026-10-07 00:43:12.581 -0700,CREATE SERVICE,SCHEMA,NYC_TAXI.MARTS,ROLE,ROLE_HUDSON,false,SYSADMIN
2026-10-07 00:43:12.860 -0700,CREATE SERVICE CLASS,SCHEMA,NYC_TAXI.MARTS,ROLE,ROLE_HUDSON,false,SYSADMIN
2026-10-07 00:43:12.826 -0700,CREATE SESSION POLICY,SCHEMA,NYC_TAXI.MARTS,ROLE,ROLE_HUDSON,false,SYSADMIN
2026-10-07 00:43:12.508 -0700,CREATE SNAPSHOT,SCHEMA,NYC_TAXI.MARTS,ROLE,ROLE_HUDSON,false,SYSADMIN
2026-10-07 00:43:12.146 -0700,CREATE STAGE,SCHEMA,NYC_TAXI.MARTS,ROLE,ROLE_HUDSON,false,SYSADMIN
2026-10-07 00:43:11.911 -0700,CREATE STORAGE LIFECYCLE POLICY,SCHEMA,NYC_TAXI.MARTS,ROLE,ROLE_HUDSON,false,SYSADMIN
2026-10-07 00:43:11.760 -0700,CREATE STREAM,SCHEMA,NYC_TAXI.MARTS,ROLE,ROLE_HUDSON,false,SYSADMIN
2026-10-07 00:43:11.846 -0700,CREATE STREAMLIT,SCHEMA,NYC_TAXI.MARTS,ROLE,ROLE_HUDSON,false,SYSADMIN
2026-10-07 00:43:11.995 -0700,CREATE TABLE,SCHEMA,NYC_TAXI.MARTS,ROLE,ROLE_HUDSON,false,SYSADMIN
2026-10-07 00:43:12.772 -0700,CREATE TAG,SCHEMA,NYC_TAXI.MARTS,ROLE,ROLE_HUDSON,false,SYSADMIN
2026-10-07 00:43:12.313 -0700,CREATE TASK,SCHEMA,NYC_TAXI.MARTS,ROLE,ROLE_HUDSON,false,SYSADMIN
2026-10-07 00:43:11.924 -0700,CREATE TEMPORARY TABLE,SCHEMA,NYC_TAXI.MARTS,ROLE,ROLE_HUDSON,false,SYSADMIN
2026-10-07 00:43:12.132 -0700,CREATE TYPE,SCHEMA,NYC_TAXI.MARTS,ROLE,ROLE_HUDSON,false,SYSADMIN
2026-10-07 00:43:12.444 -0700,CREATE VARIABLE,SCHEMA,NYC_TAXI.MARTS,ROLE,ROLE_HUDSON,false,SYSADMIN
2026-10-07 00:43:12.784 -0700,CREATE VIEW,SCHEMA,NYC_TAXI.MARTS,ROLE,ROLE_HUDSON,false,SYSADMIN
2026-10-07 00:43:11.946 -0700,CREATE WORKSPACE,SCHEMA,NYC_TAXI.MARTS,ROLE,ROLE_HUDSON,false,SYSADMIN
2026-10-07 00:43:11.802 -0700,CREATE ZEROCOPY CONNECTOR,SCHEMA,NYC_TAXI.MARTS,ROLE,ROLE_HUDSON,false,SYSADMIN
2026-10-07 00:43:11.934 -0700,EXECUTE AUTO CLASSIFICATION,SCHEMA,NYC_TAXI.MARTS,ROLE,ROLE_HUDSON,false,SYSADMIN
2026-10-07 00:43:12.534 -0700,MODIFY,SCHEMA,NYC_TAXI.MARTS,ROLE,ROLE_HUDSON,false,SYSADMIN
2026-10-07 00:43:12.289 -0700,MONITOR,SCHEMA,NYC_TAXI.MARTS,ROLE,ROLE_HUDSON,false,SYSADMIN
2026-10-07 00:43:12.032 -0700,USAGE,SCHEMA,NYC_TAXI.MARTS,ROLE,ROLE_HUDSON,false,SYSADMIN
2026-10-07 00:43:07.541 -0700,ADD SEMANTIC VIEW MATERIALIZATION,SCHEMA,NYC_TAXI.RAW,ROLE,ROLE_HUDSON,false,SYSADMIN
2026-10-07 00:43:07.378 -0700,APPLYBUDGET,SCHEMA,NYC_TAXI.RAW,ROLE,ROLE_HUDSON,false,SYSADMIN
2026-10-07 00:43:06.403 -0700,CREATE AGENT,SCHEMA,NYC_TAXI.RAW,ROLE,ROLE_HUDSON,false,SYSADMIN
2026-10-07 00:43:06.674 -0700,CREATE AGENT TASK,SCHEMA,NYC_TAXI.RAW,ROLE,ROLE_HUDSON,false,SYSADMIN
2026-10-07 00:43:06.843 -0700,CREATE ALERT,SCHEMA,NYC_TAXI.RAW,ROLE,ROLE_HUDSON,false,SYSADMIN
2026-10-07 00:43:06.234 -0700,CREATE APPLICATION SERVICE,SCHEMA,NYC_TAXI.RAW,ROLE,ROLE_HUDSON,false,SYSADMIN
2026-10-07 00:43:06.320 -0700,CREATE ARTIFACT REPOSITORY,SCHEMA,NYC_TAXI.RAW,ROLE,ROLE_HUDSON,false,SYSADMIN
2026-10-07 00:43:07.646 -0700,CREATE AUTHENTICATION POLICY,SCHEMA,NYC_TAXI.RAW,ROLE,ROLE_HUDSON,false,SYSADMIN
2026-10-07 00:43:06.611 -0700,CREATE BACKUP POLICY,SCHEMA,NYC_TAXI.RAW,ROLE,ROLE_HUDSON,false,SYSADMIN
2026-10-07 00:43:06.825 -0700,CREATE BACKUP SET,SCHEMA,NYC_TAXI.RAW,ROLE,ROLE_HUDSON,false,SYSADMIN
2026-10-07 00:43:07.223 -0700,CREATE CONTACT,SCHEMA,NYC_TAXI.RAW,ROLE,ROLE_HUDSON,false,SYSADMIN
2026-10-07 00:43:06.764 -0700,CREATE CORTEX EXTENSION,SCHEMA,NYC_TAXI.RAW,ROLE,ROLE_HUDSON,false,SYSADMIN
2026-10-07 00:43:07.047 -0700,CREATE CORTEX SEARCH SERVICE,SCHEMA,NYC_TAXI.RAW,ROLE,ROLE_HUDSON,false,SYSADMIN
2026-10-07 00:43:06.292 -0700,CREATE DATA METRIC FUNCTION,SCHEMA,NYC_TAXI.RAW,ROLE,ROLE_HUDSON,false,SYSADMIN
2026-10-07 00:43:06.896 -0700,CREATE DATA MOVEMENT POLICY,SCHEMA,NYC_TAXI.RAW,ROLE,ROLE_HUDSON,false,SYSADMIN
2026-10-07 00:43:06.478 -0700,CREATE DATA MOVEMENT RULE,SCHEMA,NYC_TAXI.RAW,ROLE,ROLE_HUDSON,false,SYSADMIN
2026-10-07 00:43:06.881 -0700,CREATE DATASET,SCHEMA,NYC_TAXI.RAW,ROLE,ROLE_HUDSON,false,SYSADMIN
2026-10-07 00:43:06.806 -0700,CREATE DBT PROJECT,SCHEMA,NYC_TAXI.RAW,ROLE,ROLE_HUDSON,false,SYSADMIN
2026-10-07 00:43:06.791 -0700,CREATE DCM PROJECT,SCHEMA,NYC_TAXI.RAW,ROLE,ROLE_HUDSON,false,SYSADMIN
2026-10-07 00:43:06.640 -0700,CREATE DYNAMIC TABLE,SCHEMA,NYC_TAXI.RAW,ROLE,ROLE_HUDSON,false,SYSADMIN
2026-10-07 00:43:07.503 -0700,CREATE EVENT TABLE,SCHEMA,NYC_TAXI.RAW,ROLE,ROLE_HUDSON,false,SYSADMIN
2026-10-07 00:43:07.471 -0700,CREATE EXPERIMENT,SCHEMA,NYC_TAXI.RAW,ROLE,ROLE_HUDSON,false,SYSADMIN
2026-10-07 00:43:07.190 -0700,CREATE EXTERNAL AGENT,SCHEMA,NYC_TAXI.RAW,ROLE,ROLE_HUDSON,false,SYSADMIN
2026-10-07 00:43:06.356 -0700,CREATE EXTERNAL MCP SERVER,SCHEMA,NYC_TAXI.RAW,ROLE,ROLE_HUDSON,false,SYSADMIN
2026-10-07 00:43:06.184 -0700,CREATE EXTERNAL TABLE,SCHEMA,NYC_TAXI.RAW,ROLE,ROLE_HUDSON,false,SYSADMIN
2026-10-07 00:43:06.463 -0700,CREATE FEATURE POLICY,SCHEMA,NYC_TAXI.RAW,ROLE,ROLE_HUDSON,false,SYSADMIN
2026-10-07 00:43:06.434 -0700,CREATE FILE FORMAT,SCHEMA,NYC_TAXI.RAW,ROLE,ROLE_HUDSON,false,SYSADMIN
2026-10-07 00:43:07.585 -0700,CREATE FUNCTION,SCHEMA,NYC_TAXI.RAW,ROLE,ROLE_HUDSON,false,SYSADMIN
2026-10-07 00:43:06.708 -0700,CREATE GATEWAY,SCHEMA,NYC_TAXI.RAW,ROLE,ROLE_HUDSON,false,SYSADMIN
2026-10-07 00:43:06.418 -0700,CREATE GIT REPOSITORY,SCHEMA,NYC_TAXI.RAW,ROLE,ROLE_HUDSON,false,SYSADMIN
2026-10-07 00:43:06.624 -0700,CREATE HYBRID TABLE,SCHEMA,NYC_TAXI.RAW,ROLE,ROLE_HUDSON,false,SYSADMIN
2026-10-07 00:43:07.394 -0700,CREATE ICEBERG TABLE,SCHEMA,NYC_TAXI.RAW,ROLE,ROLE_HUDSON,false,SYSADMIN
2026-10-07 00:43:06.523 -0700,CREATE IMAGE REPOSITORY,SCHEMA,NYC_TAXI.RAW,ROLE,ROLE_HUDSON,false,SYSADMIN
2026-10-07 00:43:07.000 -0700,CREATE INGRESS POLICY,SCHEMA,NYC_TAXI.RAW,ROLE,ROLE_HUDSON,false,SYSADMIN
2026-10-07 00:43:06.581 -0700,CREATE INTERACTIVE TABLE,SCHEMA,NYC_TAXI.RAW,ROLE,ROLE_HUDSON,false,SYSADMIN
2026-10-07 00:43:06.278 -0700,CREATE MAINTENANCE POLICY,SCHEMA,NYC_TAXI.RAW,ROLE,ROLE_HUDSON,false,SYSADMIN
2026-10-07 00:43:06.748 -0700,CREATE MANAGED MCP SERVER,SCHEMA,NYC_TAXI.RAW,ROLE,ROLE_HUDSON,false,SYSADMIN
2026-10-07 00:43:06.692 -0700,CREATE MCP SERVER,SCHEMA,NYC_TAXI.RAW,ROLE,ROLE_HUDSON,false,SYSADMIN
2026-10-07 00:43:06.596 -0700,CREATE MODEL,SCHEMA,NYC_TAXI.RAW,ROLE,ROLE_HUDSON,false,SYSADMIN
2026-10-07 00:43:07.258 -0700,CREATE MODEL MONITOR,SCHEMA,NYC_TAXI.RAW,ROLE,ROLE_HUDSON,false,SYSADMIN
2026-10-07 00:43:06.264 -0700,CREATE MULTI PARTY APPROVAL POLICY,SCHEMA,NYC_TAXI.RAW,ROLE,ROLE_HUDSON,false,SYSADMIN
2026-10-07 00:43:07.239 -0700,CREATE NETWORK RULE,SCHEMA,NYC_TAXI.RAW,ROLE,ROLE_HUDSON,false,SYSADMIN
2026-10-07 00:43:07.109 -0700,CREATE NOTEBOOK,SCHEMA,NYC_TAXI.RAW,ROLE,ROLE_HUDSON,false,SYSADMIN
2026-10-07 00:43:07.016 -0700,CREATE NOTEBOOK PROJECT,SCHEMA,NYC_TAXI.RAW,ROLE,ROLE_HUDSON,false,SYSADMIN
2026-10-07 00:43:06.969 -0700,CREATE ONLINE FEATURE TABLE,SCHEMA,NYC_TAXI.RAW,ROLE,ROLE_HUDSON,false,SYSADMIN
2026-10-07 00:43:06.219 -0700,CREATE OPENFLOW CONNECTOR,SCHEMA,NYC_TAXI.RAW,ROLE,ROLE_HUDSON,false,SYSADMIN
2026-10-07 00:43:07.031 -0700,CREATE OPENFLOW RUNTIME,SCHEMA,NYC_TAXI.RAW,ROLE,ROLE_HUDSON,false,SYSADMIN
2026-10-07 00:43:06.158 -0700,CREATE PACKAGES POLICY,SCHEMA,NYC_TAXI.RAW,ROLE,ROLE_HUDSON,false,SYSADMIN
2026-10-07 00:43:07.338 -0700,CREATE PASSWORD POLICY,SCHEMA,NYC_TAXI.RAW,ROLE,ROLE_HUDSON,false,SYSADMIN
2026-10-07 00:43:07.454 -0700,CREATE PIPE,SCHEMA,NYC_TAXI.RAW,ROLE,ROLE_HUDSON,false,SYSADMIN
2026-10-07 00:43:06.144 -0700,CREATE PROCEDURE,SCHEMA,NYC_TAXI.RAW,ROLE,ROLE_HUDSON,false,SYSADMIN
2026-10-07 00:43:06.940 -0700,CREATE RESOURCE GROUP,SCHEMA,NYC_TAXI.RAW,ROLE,ROLE_HUDSON,false,SYSADMIN
2026-10-07 00:43:07.164 -0700,CREATE RESTRICTED SESSION SCOPE,SCHEMA,NYC_TAXI.RAW,ROLE,ROLE_HUDSON,false,SYSADMIN
2026-10-07 00:43:07.141 -0700,CREATE SECRET,SCHEMA,NYC_TAXI.RAW,ROLE,ROLE_HUDSON,false,SYSADMIN
2026-10-07 00:43:06.865 -0700,CREATE SEMANTIC VIEW,SCHEMA,NYC_TAXI.RAW,ROLE,ROLE_HUDSON,false,SYSADMIN
2026-10-07 00:43:06.984 -0700,CREATE SEQUENCE,SCHEMA,NYC_TAXI.RAW,ROLE,ROLE_HUDSON,false,SYSADMIN
2026-10-07 00:43:07.205 -0700,CREATE SERVICE,SCHEMA,NYC_TAXI.RAW,ROLE,ROLE_HUDSON,false,SYSADMIN
2026-10-07 00:43:06.307 -0700,CREATE SERVICE CLASS,SCHEMA,NYC_TAXI.RAW,ROLE,ROLE_HUDSON,false,SYSADMIN
2026-10-07 00:43:06.955 -0700,CREATE SESSION POLICY,SCHEMA,NYC_TAXI.RAW,ROLE,ROLE_HUDSON,false,SYSADMIN
2026-10-07 00:43:07.125 -0700,CREATE SNAPSHOT,SCHEMA,NYC_TAXI.RAW,ROLE,ROLE_HUDSON,false,SYSADMIN
2026-10-07 00:43:06.381 -0700,CREATE STAGE,SCHEMA,NYC_TAXI.RAW,ROLE,ROLE_HUDSON,false,SYSADMIN
2026-10-07 00:43:06.198 -0700,CREATE STORAGE LIFECYCLE POLICY,SCHEMA,NYC_TAXI.RAW,ROLE,ROLE_HUDSON,false,SYSADMIN
2026-10-07 00:43:06.171 -0700,CREATE STREAM,SCHEMA,NYC_TAXI.RAW,ROLE,ROLE_HUDSON,false,SYSADMIN
2026-10-07 00:43:06.248 -0700,CREATE STREAMLIT,SCHEMA,NYC_TAXI.RAW,ROLE,ROLE_HUDSON,false,SYSADMIN
2026-10-07 00:43:06.492 -0700,CREATE TABLE,SCHEMA,NYC_TAXI.RAW,ROLE,ROLE_HUDSON,false,SYSADMIN
2026-10-07 00:43:07.356 -0700,CREATE TAG,SCHEMA,NYC_TAXI.RAW,ROLE,ROLE_HUDSON,false,SYSADMIN
2026-10-07 00:43:06.726 -0700,CREATE TASK,SCHEMA,NYC_TAXI.RAW,ROLE,ROLE_HUDSON,false,SYSADMIN
2026-10-07 00:43:07.525 -0700,CREATE TEMPORARY TABLE,SCHEMA,NYC_TAXI.RAW,ROLE,ROLE_HUDSON,false,SYSADMIN
2026-10-07 00:43:06.506 -0700,CREATE TYPE,SCHEMA,NYC_TAXI.RAW,ROLE,ROLE_HUDSON,false,SYSADMIN
2026-10-07 00:43:06.926 -0700,CREATE VARIABLE,SCHEMA,NYC_TAXI.RAW,ROLE,ROLE_HUDSON,false,SYSADMIN
2026-10-07 00:43:07.322 -0700,CREATE VIEW,SCHEMA,NYC_TAXI.RAW,ROLE,ROLE_HUDSON,false,SYSADMIN
2026-10-07 00:43:07.556 -0700,CREATE WORKSPACE,SCHEMA,NYC_TAXI.RAW,ROLE,ROLE_HUDSON,false,SYSADMIN
2026-10-07 00:43:06.127 -0700,CREATE ZEROCOPY CONNECTOR,SCHEMA,NYC_TAXI.RAW,ROLE,ROLE_HUDSON,false,SYSADMIN
2026-10-07 00:43:07.486 -0700,EXECUTE AUTO CLASSIFICATION,SCHEMA,NYC_TAXI.RAW,ROLE,ROLE_HUDSON,false,SYSADMIN
2026-10-07 00:43:06.659 -0700,MODIFY,SCHEMA,NYC_TAXI.RAW,ROLE,ROLE_HUDSON,false,SYSADMIN
2026-10-07 00:43:06.777 -0700,MONITOR,SCHEMA,NYC_TAXI.RAW,ROLE,ROLE_HUDSON,false,SYSADMIN
2026-10-07 00:43:06.449 -0700,USAGE,SCHEMA,NYC_TAXI.RAW,ROLE,ROLE_HUDSON,false,SYSADMIN
2026-10-07 00:43:09.301 -0700,ADD SEMANTIC VIEW MATERIALIZATION,SCHEMA,NYC_TAXI.STAGING,ROLE,ROLE_HUDSON,false,SYSADMIN
2026-10-07 00:43:09.168 -0700,APPLYBUDGET,SCHEMA,NYC_TAXI.STAGING,ROLE,ROLE_HUDSON,false,SYSADMIN
2026-10-07 00:43:08.241 -0700,CREATE AGENT,SCHEMA,NYC_TAXI.STAGING,ROLE,ROLE_HUDSON,false,SYSADMIN
2026-10-07 00:43:08.509 -0700,CREATE AGENT TASK,SCHEMA,NYC_TAXI.STAGING,ROLE,ROLE_HUDSON,false,SYSADMIN
2026-10-07 00:43:08.738 -0700,CREATE ALERT,SCHEMA,NYC_TAXI.STAGING,ROLE,ROLE_HUDSON,false,SYSADMIN
2026-10-07 00:43:08.096 -0700,CREATE APPLICATION SERVICE,SCHEMA,NYC_TAXI.STAGING,ROLE,ROLE_HUDSON,false,SYSADMIN
2026-10-07 00:43:08.199 -0700,CREATE ARTIFACT REPOSITORY,SCHEMA,NYC_TAXI.STAGING,ROLE,ROLE_HUDSON,false,SYSADMIN
2026-10-07 00:43:09.351 -0700,CREATE AUTHENTICATION POLICY,SCHEMA,NYC_TAXI.STAGING,ROLE,ROLE_HUDSON,false,SYSADMIN
2026-10-07 00:43:08.449 -0700,CREATE BACKUP POLICY,SCHEMA,NYC_TAXI.STAGING,ROLE,ROLE_HUDSON,false,SYSADMIN
2026-10-07 00:43:08.724 -0700,CREATE BACKUP SET,SCHEMA,NYC_TAXI.STAGING,ROLE,ROLE_HUDSON,false,SYSADMIN
2026-10-07 00:43:09.064 -0700,CREATE CONTACT,SCHEMA,NYC_TAXI.STAGING,ROLE,ROLE_HUDSON,false,SYSADMIN
2026-10-07 00:43:08.636 -0700,CREATE CORTEX EXTENSION,SCHEMA,NYC_TAXI.STAGING,ROLE,ROLE_HUDSON,false,SYSADMIN
2026-10-07 00:43:08.933 -0700,CREATE CORTEX SEARCH SERVICE,SCHEMA,NYC_TAXI.STAGING,ROLE,ROLE_HUDSON,false,SYSADMIN
2026-10-07 00:43:08.158 -0700,CREATE DATA METRIC FUNCTION,SCHEMA,NYC_TAXI.STAGING,ROLE,ROLE_HUDSON,false,SYSADMIN
2026-10-07 00:43:08.786 -0700,CREATE DATA MOVEMENT POLICY,SCHEMA,NYC_TAXI.STAGING,ROLE,ROLE_HUDSON,false,SYSADMIN
2026-10-07 00:43:08.343 -0700,CREATE DATA MOVEMENT RULE,SCHEMA,NYC_TAXI.STAGING,ROLE,ROLE_HUDSON,false,SYSADMIN
2026-10-07 00:43:08.771 -0700,CREATE DATASET,SCHEMA,NYC_TAXI.STAGING,ROLE,ROLE_HUDSON,false,SYSADMIN
2026-10-07 00:43:08.710 -0700,CREATE DBT PROJECT,SCHEMA,NYC_TAXI.STAGING,ROLE,ROLE_HUDSON,false,SYSADMIN
2026-10-07 00:43:08.667 -0700,CREATE DCM PROJECT,SCHEMA,NYC_TAXI.STAGING,ROLE,ROLE_HUDSON,false,SYSADMIN
2026-10-07 00:43:08.479 -0700,CREATE DYNAMIC TABLE,SCHEMA,NYC_TAXI.STAGING,ROLE,ROLE_HUDSON,false,SYSADMIN
2026-10-07 00:43:09.263 -0700,CREATE EVENT TABLE,SCHEMA,NYC_TAXI.STAGING,ROLE,ROLE_HUDSON,false,SYSADMIN
2026-10-07 00:43:09.225 -0700,CREATE EXPERIMENT,SCHEMA,NYC_TAXI.STAGING,ROLE,ROLE_HUDSON,false,SYSADMIN
2026-10-07 00:43:09.031 -0700,CREATE EXTERNAL AGENT,SCHEMA,NYC_TAXI.STAGING,ROLE,ROLE_HUDSON,false,SYSADMIN
2026-10-07 00:43:08.213 -0700,CREATE EXTERNAL MCP SERVER,SCHEMA,NYC_TAXI.STAGING,ROLE,ROLE_HUDSON,false,SYSADMIN
2026-10-07 00:43:08.032 -0700,CREATE EXTERNAL TABLE,SCHEMA,NYC_TAXI.STAGING,ROLE,ROLE_HUDSON,false,SYSADMIN
2026-10-07 00:43:08.328 -0700,CREATE FEATURE POLICY,SCHEMA,NYC_TAXI.STAGING,ROLE,ROLE_HUDSON,false,SYSADMIN
2026-10-07 00:43:08.297 -0700,CREATE FILE FORMAT,SCHEMA,NYC_TAXI.STAGING,ROLE,ROLE_HUDSON,false,SYSADMIN
2026-10-07 00:43:09.333 -0700,CREATE FUNCTION,SCHEMA,NYC_TAXI.STAGING,ROLE,ROLE_HUDSON,false,SYSADMIN
2026-10-07 00:43:08.536 -0700,CREATE GATEWAY,SCHEMA,NYC_TAXI.STAGING,ROLE,ROLE_HUDSON,false,SYSADMIN
2026-10-07 00:43:08.279 -0700,CREATE GIT REPOSITORY,SCHEMA,NYC_TAXI.STAGING,ROLE,ROLE_HUDSON,false,SYSADMIN
2026-10-07 00:43:08.463 -0700,CREATE HYBRID TABLE,SCHEMA,NYC_TAXI.STAGING,ROLE,ROLE_HUDSON,false,SYSADMIN
2026-10-07 00:43:09.185 -0700,CREATE ICEBERG TABLE,SCHEMA,NYC_TAXI.STAGING,ROLE,ROLE_HUDSON,false,SYSADMIN
2026-10-07 00:43:08.390 -0700,CREATE IMAGE REPOSITORY,SCHEMA,NYC_TAXI.STAGING,ROLE,ROLE_HUDSON,false,SYSADMIN
2026-10-07 00:43:08.883 -0700,CREATE INGRESS POLICY,SCHEMA,NYC_TAXI.STAGING,ROLE,ROLE_HUDSON,false,SYSADMIN
2026-10-07 00:43:08.408 -0700,CREATE INTERACTIVE TABLE,SCHEMA,NYC_TAXI.STAGING,ROLE,ROLE_HUDSON,false,SYSADMIN
2026-10-07 00:43:08.142 -0700,CREATE MAINTENANCE POLICY,SCHEMA,NYC_TAXI.STAGING,ROLE,ROLE_HUDSON,false,SYSADMIN
2026-10-07 00:43:08.601 -0700,CREATE MANAGED MCP SERVER,SCHEMA,NYC_TAXI.STAGING,ROLE,ROLE_HUDSON,false,SYSADMIN
2026-10-07 00:43:08.523 -0700,CREATE MCP SERVER,SCHEMA,NYC_TAXI.STAGING,ROLE,ROLE_HUDSON,false,SYSADMIN
2026-10-07 00:43:08.427 -0700,CREATE MODEL,SCHEMA,NYC_TAXI.STAGING,ROLE,ROLE_HUDSON,false,SYSADMIN
2026-10-07 00:43:09.103 -0700,CREATE MODEL MONITOR,SCHEMA,NYC_TAXI.STAGING,ROLE,ROLE_HUDSON,false,SYSADMIN
2026-10-07 00:43:08.128 -0700,CREATE MULTI PARTY APPROVAL POLICY,SCHEMA,NYC_TAXI.STAGING,ROLE,ROLE_HUDSON,false,SYSADMIN
2026-10-07 00:43:09.087 -0700,CREATE NETWORK RULE,SCHEMA,NYC_TAXI.STAGING,ROLE,ROLE_HUDSON,false,SYSADMIN
2026-10-07 00:43:08.966 -0700,CREATE NOTEBOOK,SCHEMA,NYC_TAXI.STAGING,ROLE,ROLE_HUDSON,false,SYSADMIN
2026-10-07 00:43:08.899 -0700,CREATE NOTEBOOK PROJECT,SCHEMA,NYC_TAXI.STAGING,ROLE,ROLE_HUDSON,false,SYSADMIN
2026-10-07 00:43:08.846 -0700,CREATE ONLINE FEATURE TABLE,SCHEMA,NYC_TAXI.STAGING,ROLE,ROLE_HUDSON,false,SYSADMIN
2026-10-07 00:43:08.064 -0700,CREATE OPENFLOW CONNECTOR,SCHEMA,NYC_TAXI.STAGING,ROLE,ROLE_HUDSON,false,SYSADMIN
2026-10-07 00:43:08.915 -0700,CREATE OPENFLOW RUNTIME,SCHEMA,NYC_TAXI.STAGING,ROLE,ROLE_HUDSON,false,SYSADMIN
2026-10-07 00:43:08.004 -0700,CREATE PACKAGES POLICY,SCHEMA,NYC_TAXI.STAGING,ROLE,ROLE_HUDSON,false,SYSADMIN
2026-10-07 00:43:09.136 -0700,CREATE PASSWORD POLICY,SCHEMA,NYC_TAXI.STAGING,ROLE,ROLE_HUDSON,false,SYSADMIN
2026-10-07 00:43:09.202 -0700,CREATE PIPE,SCHEMA,NYC_TAXI.STAGING,ROLE,ROLE_HUDSON,false,SYSADMIN
2026-10-07 00:43:07.987 -0700,CREATE PROCEDURE,SCHEMA,NYC_TAXI.STAGING,ROLE,ROLE_HUDSON,false,SYSADMIN
2026-10-07 00:43:08.815 -0700,CREATE RESOURCE GROUP,SCHEMA,NYC_TAXI.STAGING,ROLE,ROLE_HUDSON,false,SYSADMIN
2026-10-07 00:43:09.015 -0700,CREATE RESTRICTED SESSION SCOPE,SCHEMA,NYC_TAXI.STAGING,ROLE,ROLE_HUDSON,false,SYSADMIN
2026-10-07 00:43:08.998 -0700,CREATE SECRET,SCHEMA,NYC_TAXI.STAGING,ROLE,ROLE_HUDSON,false,SYSADMIN
2026-10-07 00:43:08.756 -0700,CREATE SEMANTIC VIEW,SCHEMA,NYC_TAXI.STAGING,ROLE,ROLE_HUDSON,false,SYSADMIN
2026-10-07 00:43:08.866 -0700,CREATE SEQUENCE,SCHEMA,NYC_TAXI.STAGING,ROLE,ROLE_HUDSON,false,SYSADMIN
2026-10-07 00:43:09.047 -0700,CREATE SERVICE,SCHEMA,NYC_TAXI.STAGING,ROLE,ROLE_HUDSON,false,SYSADMIN
2026-10-07 00:43:08.183 -0700,CREATE SERVICE CLASS,SCHEMA,NYC_TAXI.STAGING,ROLE,ROLE_HUDSON,false,SYSADMIN
2026-10-07 00:43:08.829 -0700,CREATE SESSION POLICY,SCHEMA,NYC_TAXI.STAGING,ROLE,ROLE_HUDSON,false,SYSADMIN
2026-10-07 00:43:08.983 -0700,CREATE SNAPSHOT,SCHEMA,NYC_TAXI.STAGING,ROLE,ROLE_HUDSON,false,SYSADMIN
2026-10-07 00:43:08.227 -0700,CREATE STAGE,SCHEMA,NYC_TAXI.STAGING,ROLE,ROLE_HUDSON,false,SYSADMIN
2026-10-07 00:43:08.049 -0700,CREATE STORAGE LIFECYCLE POLICY,SCHEMA,NYC_TAXI.STAGING,ROLE,ROLE_HUDSON,false,SYSADMIN
2026-10-07 00:43:08.018 -0700,CREATE STREAM,SCHEMA,NYC_TAXI.STAGING,ROLE,ROLE_HUDSON,false,SYSADMIN
2026-10-07 00:43:08.113 -0700,CREATE STREAMLIT,SCHEMA,NYC_TAXI.STAGING,ROLE,ROLE_HUDSON,false,SYSADMIN
2026-10-07 00:43:08.360 -0700,CREATE TABLE,SCHEMA,NYC_TAXI.STAGING,ROLE,ROLE_HUDSON,false,SYSADMIN
2026-10-07 00:43:09.153 -0700,CREATE TAG,SCHEMA,NYC_TAXI.STAGING,ROLE,ROLE_HUDSON,false,SYSADMIN
2026-10-07 00:43:08.554 -0700,CREATE TASK,SCHEMA,NYC_TAXI.STAGING,ROLE,ROLE_HUDSON,false,SYSADMIN
2026-10-07 00:43:09.286 -0700,CREATE TEMPORARY TABLE,SCHEMA,NYC_TAXI.STAGING,ROLE,ROLE_HUDSON,false,SYSADMIN
2026-10-07 00:43:08.374 -0700,CREATE TYPE,SCHEMA,NYC_TAXI.STAGING,ROLE,ROLE_HUDSON,false,SYSADMIN
2026-10-07 00:43:08.801 -0700,CREATE VARIABLE,SCHEMA,NYC_TAXI.STAGING,ROLE,ROLE_HUDSON,false,SYSADMIN
2026-10-07 00:43:09.119 -0700,CREATE VIEW,SCHEMA,NYC_TAXI.STAGING,ROLE,ROLE_HUDSON,false,SYSADMIN
2026-10-07 00:43:09.317 -0700,CREATE WORKSPACE,SCHEMA,NYC_TAXI.STAGING,ROLE,ROLE_HUDSON,false,SYSADMIN
2026-10-07 00:43:07.973 -0700,CREATE ZEROCOPY CONNECTOR,SCHEMA,NYC_TAXI.STAGING,ROLE,ROLE_HUDSON,false,SYSADMIN
2026-10-07 00:43:09.246 -0700,EXECUTE AUTO CLASSIFICATION,SCHEMA,NYC_TAXI.STAGING,ROLE,ROLE_HUDSON,false,SYSADMIN
2026-10-07 00:43:08.493 -0700,MODIFY,SCHEMA,NYC_TAXI.STAGING,ROLE,ROLE_HUDSON,false,SYSADMIN
2026-10-07 00:43:08.651 -0700,MONITOR,SCHEMA,NYC_TAXI.STAGING,ROLE,ROLE_HUDSON,false,SYSADMIN
2026-10-07 00:43:08.313 -0700,USAGE,SCHEMA,NYC_TAXI.STAGING,ROLE,ROLE_HUDSON,false,SYSADMIN
2026-10-07 01:34:18.557 -0700,OWNERSHIP,STAGE,NYC_TAXI.RAW.RAW_STAGE,ROLE,ROLE_HUDSON,true,ROLE_HUDSON
2026-10-08 23:50:36.502 -0700,OWNERSHIP,TABLE,NYC_TAXI.INTERMEDIATE.INT_TRIPS__ENRICHED,ROLE,ROLE_HUDSON,true,ROLE_HUDSON
2026-10-08 23:50:36.076 -0700,OWNERSHIP,TABLE,NYC_TAXI.INTERMEDIATE.INT_TRIPS__FLAGGED,ROLE,ROLE_HUDSON,true,ROLE_HUDSON
2026-10-09 01:36:41.915 -0700,OWNERSHIP,TABLE,NYC_TAXI.MARTS.DIM_DATE,ROLE,ROLE_HUDSON,true,ROLE_HUDSON
2026-10-09 01:36:41.863 -0700,OWNERSHIP,TABLE,NYC_TAXI.MARTS.DIM_PAYMENT_TYPE,ROLE,ROLE_HUDSON,true,ROLE_HUDSON
2026-10-09 01:36:41.860 -0700,OWNERSHIP,TABLE,NYC_TAXI.MARTS.DIM_RATE_CODE,ROLE,ROLE_HUDSON,true,ROLE_HUDSON
2026-10-09 01:36:42.228 -0700,OWNERSHIP,TABLE,NYC_TAXI.MARTS.DIM_VENDOR,ROLE,ROLE_HUDSON,true,ROLE_HUDSON
2026-10-09 01:36:42.048 -0700,OWNERSHIP,TABLE,NYC_TAXI.MARTS.DIM_ZONE,ROLE,ROLE_HUDSON,true,ROLE_HUDSON
2026-10-08 23:50:36.799 -0700,OWNERSHIP,TABLE,NYC_TAXI.MARTS.FCT_TRIPS,ROLE,ROLE_HUDSON,true,ROLE_HUDSON
2026-10-09 01:37:03.362 -0700,OWNERSHIP,TABLE,NYC_TAXI.MARTS.MART_DAILY_REVENUE,ROLE,ROLE_HUDSON,true,ROLE_HUDSON
2026-10-09 01:37:03.521 -0700,OWNERSHIP,TABLE,NYC_TAXI.MARTS.MART_DATA_QUALITY,ROLE,ROLE_HUDSON,true,ROLE_HUDSON
2026-10-09 01:37:03.187 -0700,OWNERSHIP,TABLE,NYC_TAXI.MARTS.MART_ZONE_HOURLY_DEMAND,ROLE,ROLE_HUDSON,true,ROLE_HUDSON
2026-10-07 01:34:21.844 -0700,OWNERSHIP,TABLE,NYC_TAXI.RAW.TAXI_ZONE_LOOKUP,ROLE,ROLE_HUDSON,true,ROLE_HUDSON
2026-10-07 01:34:21.120 -0700,OWNERSHIP,TABLE,NYC_TAXI.RAW.YELLOW_TRIPDATA,ROLE,ROLE_HUDSON,true,ROLE_HUDSON
2026-10-09 01:36:00.094 -0700,OWNERSHIP,TABLE,NYC_TAXI.STAGING.PAYMENT_TYPE_CODES,ROLE,ROLE_HUDSON,true,ROLE_HUDSON
2026-10-09 01:36:00.863 -0700,OWNERSHIP,TABLE,NYC_TAXI.STAGING.RATE_CODE_CODES,ROLE,ROLE_HUDSON,true,ROLE_HUDSON
2026-10-09 01:36:01.681 -0700,OWNERSHIP,TABLE,NYC_TAXI.STAGING.VENDOR_CODES,ROLE,ROLE_HUDSON,true,ROLE_HUDSON
2026-10-09 01:36:00.337 -0700,OWNERSHIP,VIEW,NYC_TAXI.STAGING.STG_TLC__TAXI_ZONES,ROLE,ROLE_HUDSON,true,ROLE_HUDSON
2026-10-09 01:36:00.233 -0700,OWNERSHIP,VIEW,NYC_TAXI.STAGING.STG_TLC__YELLOW_TRIPS,ROLE,ROLE_HUDSON,true,ROLE_HUDSON
2026-10-07 00:43:04.556 -0700,USAGE,WAREHOUSE,HUDSON_WH,ROLE,ROLE_HUDSON,false,SYSADMIN
